{
  "Спайдер": {
    "ip": "localhost",
    "port": "5432",
    "user": "postgres",
    "password": "postgres",
    "dbname": "postgres"
  },
  "Спайдер 2": {
    "ip": "localhost",
    "port": "5432",
    "user": "postgres",
    "password": "postgres",
    "dbname": "marking"
  },
  "Дансония": {
    "ip": "192.168.250.1",
    "port": "5432",
    "user": "postgres",
    "password": "postgres",
    "dbname": "postgres"
  },
  "123": {
    "ip": "localhost",
    "port": "5432",
    "user": "postgres",
    "password": "postgres",
    "dbname": "postgres"
  }
}